replicate,cycle,fluorescence
0,0,51.27954835211036
0,1,53.13548199834241
0,2,55.91520657927403
0,3,62.57942393350427
0,4,64.78807962225643
0,5,82.49775487320403
0,6,107.83086396655415
0,7,150.63826264473585
0,8,234.91591607521025
0,9,350.2577646509331
0,10,572.717187944654
0,11,982.2513767280112
0,12,1690.0598801822564
0,13,2952.79589126909
0,14,5208.641861442364
0,15,9315.838135065098
0,16,16737.77411011386
0,17,30081.39506248782
0,18,54130.19805417282
0,19,97664.65827575365
0,20,176279.36610204502
0,21,318370.07939622825
0,22,574984.0691010684
0,23,1037813.2843651045
0,24,1869497.650025839
0,25,3355820.0735178203
0,26,5985338.412471304
0,27,10545457.680692153
0,28,18193076.517310757
0,29,30262999.936091125
0,30,47374788.24135646
0,31,67590090.37373228
0,32,85353270.51248457
0,33,95495176.2694995
0,34,98980954.62596373
0,35,99796975.73252942
1,0,51.279999375985454
1,1,51.09898394648554
1,2,52.741112542683815
1,3,51.8896633661728
1,4,57.00154799183651
1,5,72.20365089304731
1,6,89.94169161325567
1,7,112.89237683899452
1,8,168.2924779176192
1,9,265.8360615976785
1,10,416.5520529954012
1,11,692.5864943619325
1,12,1199.728631768241
1,13,2130.5589609408694
1,14,3781.8127660637597
1,15,6829.879877305092
1,16,12287.677180815945
1,17,22116.926031688316
1,18,39917.476446864326
1,19,72099.66646029933
1,20,130244.73073658059
1,21,235345.60516976006
1,22,425208.06127719703
1,23,768131.3560626392
1,24,1385574.0925171538
1,25,2492966.226673228
1,26,4462705.1826644605
1,27,7919279.256232822
1,28,13830620.276610218
1,29,23493735.664224368
1,30,38070310.40072489
1,31,57190707.36120579
1,32,77038533.86155845
1,33,91390151.35992943
1,34,97770145.34685475
1,35,99538470.92600885
2,0,50.22722014601236
2,1,57.835344238749784
2,2,59.71986210558853
2,3,59.622423671525155
2,4,67.13287448417245
2,5,68.90682943377568
2,6,107.78073547419574
2,7,142.66312408858295
2,8,215.46823069954524
2,9,343.601540370319
2,10,553.8235933034321
2,11,960.512622382707
2,12,1664.1006962271942
2,13,2938.71183179265
2,14,5270.393357556767
2,15,9435.737539575368
2,16,16917.479401688914
2,17,30413.107508708188
2,18,54930.34832264164
2,19,99202.38785727984
2,20,179276.684281855
2,21,324047.0802964018
2,22,585582.8917303175
2,23,1057036.514899345
2,24,1904011.1002874696
2,25,3417854.3887642613
2,26,6091873.6027652705
2,27,10728281.540105762
2,28,18490258.9016554
2,29,30711979.26947011
2,30,47968820.5374503
2,31,68211178.93821892
2,32,85793416.04561585
2,33,95674476.71240853
2,34,99030577.75361805
2,35,99810667.41494997
3,0,43.52673761513293
3,1,53.55570074245393
3,2,53.9696252368605
3,3,59.92795189238796
3,4,71.64090611664346
3,5,87.07967868892196
3,6,111.29558047269018
3,7,154.87792140431617
3,8,238.04571564353762
3,9,380.1343913616862
3,10,650.9082857391028
3,11,1141.9785098597142
3,12,2015.1113830379625
3,13,3602.3770137093784
3,14,6452.200949497885
3,15,11633.819582020104
3,16,20987.097392305954
3,17,38009.69468616593
3,18,68616.7405102812
3,19,124003.73304547265
3,20,224247.01272379968
3,21,405507.0209814086
3,22,733158.2354232741
3,23,1323092.0879731784
3,24,2381643.6355862604
3,25,4266941.506483069
3,26,7579384.159291859
3,27,13260314.370810835
3,28,22591400.985616915
3,29,36777600.7873024
3,30,55632734.246394865
3,31,75649691.10304645
3,32,90591606.42086075
3,33,97506035.06413896
3,34,99479475.86958537
3,35,99900112.59005886
4,0,57.38014994909842
4,1,51.13745073318571
4,2,52.38912138544262
4,3,63.67294393024731
4,4,58.631579531872184
4,5,89.09900935575124
4,6,120.3603135618857
4,7,162.08374622486167
4,8,240.98452761688534
4,9,401.89120304853384
4,10,682.4706892304313
4,11,1181.8652502567932
4,12,2076.345625343914
4,13,3675.953416101856
4,14,6560.989775866589
4,15,11803.09415165953
4,16,21311.93686703159
4,17,38449.469145967836
4,18,69523.62751102078
4,19,125637.63150178085
4,20,227172.85888322993
4,21,410458.6943750982
4,22,741267.8984665473
4,23,1338241.569637602
4,24,2408728.1286496813
4,25,4314403.487097644
4,26,7660349.335573671
4,27,13396963.744545022
4,28,22806700.50380791
4,29,37086741.79471292
4,30,56014203.726295374
4,31,75995680.52434199
4,32,90786723.5228824
4,33,97570015.20046139
4,34,99493015.91915691
4,35,99900959.27860834
5,0,57.183948910238236
5,1,54.34781890594731
5,2,54.56231876733444
5,3,64.58602345139721
5,4,72.65772694494552
5,5,80.27381245335636
5,6,90.81011269234413
5,7,136.0226443145279
5,8,215.72364408434933
5,9,337.1076055850851
5,10,542.2901994830162
5,11,963.9263639355996
5,12,1673.3630707617613
5,13,2968.9786833126323
5,14,5345.2704858419675
5,15,9552.491617310476
5,16,17185.83938187427
5,17,30992.13663552761
5,18,55942.68763817649
5,19,100975.55393609373
5,20,182643.92774791628
5,21,330437.4170948272
5,22,596965.0129199151
5,23,1077756.767298245
5,24,1942590.368240219
5,25,3485867.2280171835
5,26,6213359.638011373
5,27,10937230.531451223
5,28,18838994.038941205
5,29,31236790.13465791
5,30,48663852.17508121
5,31,68917719.227003
5,32,86289933.87454273
5,33,95884011.16294281
5,34,99084616.12134309
5,35,99821172.42087957
6,0,57.65966220019498
6,1,64.64727766091801
6,2,52.18039763484504
6,3,64.15586384482287
6,4,53.21915525056591
6,5,61.53943727230382
6,6,67.19181337176033
6,7,86.39765957318316
6,8,110.42677914601825
6,9,152.21211637320482
6,10,233.04092359284766
6,11,351.5658818541998
6,12,580.0381080324864
6,13,993.0472911681233
6,14,1735.3690047819612
6,15,3061.5132448062113
6,16,5455.221972939308
6,17,9800.223087492981
6,18,17653.85311037832
6,19,31884.3963491821
6,20,57474.63887887969
6,21,103536.09038508874
6,22,187155.5824254634
6,23,338175.4353437291
6,24,611065.4176567806
6,25,1102977.7500984895
6,26,1986031.444165472
6,27,3564729.1296479334
6,28,6352605.179740764
6,29,11175096.614382368
6,30,19223502.326543868
6,31,31815445.36839235
6,32,49408749.92456501
6,33,69685462.72820018
6,34,86815658.7189909
6,35,96102704.62962411
7,0,59.550029982610525
7,1,46.979148065626454
7,2,45.851633588875764
7,3,62.59923379349985
7,4,56.25216448526347
7,5,61.90179882638226
7,6,78.16651621520852
7,7,82.30403794955149
7,8,93.75445661231467
7,9,127.33963184779321
7,10,169.47470197035517
7,11,247.52342811719063
7,12,391.82114932742473
7,13,644.2225372221043
7,14,1083.2773148508352
7,15,1865.3999044108634
7,16,3289.751893636948
7,17,5915.638607579962
7,18,10516.725742108618
7,19,18891.542814757162
7,20,34010.92227186557
7,21,61433.92162621342
7,22,110947.953011652
7,23,200648.38350727918
7,24,362435.95585906383
7,25,654625.49876409
7,26,1181022.3730101294
7,27,2126507.8309238544
7,28,3813488.6785768475
7,29,6784837.0557152545
7,30,11913705.60678016
7,31,20419655.025291443
7,32,33596552.42594175
7,33,51686469.36253622
7,34,71940957.86658818
7,35,88315455.46682163
8,0,46.99696731317942
8,1,51.91472875827391
8,2,62.679590896213064
8,3,66.51997535186388
8,4,68.1695030332823
8,5,80.1134273227787
8,6,90.38585715963163
8,7,132.57142835856547
8,8,185.35941398424345
8,9,293.9661467128057
8,10,479.58793244496803
8,11,820.8466506530166
8,12,1420.0213881982384
8,13,2530.736253322711
8,14,4497.34609890897
8,15,8044.709592401967
8,16,14443.780249129535
8,17,26069.749770853887
8,18,46920.64193802833
8,19,84854.11220827197
8,20,153355.0052003117
8,21,277178.904318738
8,22,500950.34937208047
8,23,905047.5570232113
8,24,1631794.1867749386
8,25,2933537.5374494833
8,26,5241514.7450262895
8,27,9267893.441165704
8,28,16086941.707785731
8,29,27033088.44702567
8,30,43027634.884669326
8,31,62911927.32186229
8,32,81832359.46175587
8,33,93892206.44647065
8,34,98545960.14210808
8,35,99707560.12480186
9,0,47.53277234423673
9,1,51.49805157472115
9,2,63.34542920954763
9,3,66.75798683930377
9,4,62.194095840065614
9,5,76.11923686312335
9,6,96.40582599157919
9,7,132.69120657701552
9,8,210.33393692188366
9,9,323.9656701871717
9,10,547.2721095188822
9,11,936.3998195617801
9,12,1650.8888359686453
9,13,2896.4256977623136
9,14,5247.371626680125
9,15,9408.045433477788
9,16,17008.042944641722
9,17,30774.796883956926
9,18,55714.77908232098
9,19,100810.3070264311
9,20,182567.49266562038
9,21,330198.5479998476
9,22,597091.5188247004
9,23,1078243.21146832
9,24,1943650.2308638687
9,25,3488601.588410397
9,26,6218208.317968215
9,27,10947990.289413089
9,28,18856422.161109537
9,29,31264330.970358714
9,30,48696910.738296814
9,31,68957657.09040765
9,32,86313023.454008
9,33,95894119.85682979
9,34,99085149.3363292
9,35,99819645.4624582
10,0,53.620429574137205
10,1,52.56839588873175
10,2,48.79023081668923
10,3,51.05011854913328
10,4,63.05932563522045
10,5,65.22820816028351
10,6,74.54547567422986
10,7,102.97586802061211
10,8,139.76031021247456
10,9,221.88642872089503
10,10,356.9072728071839
10,11,611.6588672917826
10,12,1066.3306138816376
10,13,1880.7247836627405
10,14,3378.0953746145424
10,15,6038.868438323511
10,16,10886.927507254455
10,17,19635.987854374805
10,18,35471.134310342495
10,19,64215.74836104415
10,20,116248.99941063121
10,21,210348.79520163368
10,22,380445.99086062366
10,23,687664.2402563589
10,24,1241886.723399486
10,25,2235547.2329396275
10,26,4007001.0443495726
10,27,7127278.6376429545
10,28,12496436.92807157
10,29,21363777.758980945
10,30,34988003.66543193
10,31,53440907.83934049
10,32,73618876.39438546
10,33,89364246.29901485
10,34,97076503.22724758
10,35,99377364.0566107
11,0,49.09681675649869
11,1,55.63515250523749
11,2,58.27085116468355
11,3,54.88362547377204
11,4,67.68678676184172
11,5,72.63618038950905
11,6,86.71515331873734
11,7,99.5960694788269
11,8,148.03126640322796
11,9,216.57403145511012
11,10,322.21819437391787
11,11,554.467481329415
11,12,956.335566595522
11,13,1665.1428801075483
11,14,2924.132701931507
11,15,5260.096201499982
11,16,9435.068647860895
11,17,17090.973155963013
11,18,30857.00012116126
11,19,55724.43641089753
11,20,100870.80579504881
11,21,182408.05570061214
11,22,329863.5252981975
11,23,596123.8364435757
11,24,1076510.1793933304
11,25,1939241.9132624466
11,26,3480938.338063661
11,27,6205531.351452384
11,28,10924772.459297407
11,29,18817395.984716654
11,30,31203826.2818736
11,31,48611177.85042211
11,32,68869342.69990942
11,33,86257992.03905846
11,34,95874706.16420671
11,35,99080821.27298136
12,0,40.74271810883329
12,1,55.06889998335947
12,2,47.879329870441474
12,3,65.42630805809964
12,4,65.0003231953734
12,5,79.1048057826201
12,6,94.21975532442491
12,7,124.37794790332205
12,8,173.65403431456184
12,9,251.22283565842235
12,10,408.32815827993846
12,11,711.4647084909502
12,12,1212.5827924855391
12,13,2133.628682421988
12,14,3775.1179067003095
12,15,6706.665406606515
12,16,12027.45350124233
12,17,21606.861511213483
12,18,38935.02085637342
12,19,70269.45179774641
12,20,126895.78709012322
12,21,229353.90112319717
12,22,414649.3550857527
12,23,748972.9790446354
12,24,1350687.5659194977
12,25,2430153.3000537315
12,26,4350677.3726331545
12,27,7723940.693156065
12,28,13503953.914564576
12,29,22973223.966535058
12,30,37320508.39624038
12,31,56285049.81866124
12,32,76241079.36914593
12,33,90929271.2022532
12,34,97615588.48748308
12,35,99502675.84591949
13,0,55.699727939031526
13,1,56.68343615527944
13,2,54.95168512329373
13,3,61.61857089166696
13,4,60.403951767233764
13,5,68.51667041741601
13,6,90.83090465044944
13,7,121.36655639520318
13,8,162.3920004504239
13,9,255.91609657891792
13,10,439.7654776772611
13,11,723.4361088671162
13,12,1261.369201732194
13,13,2220.8756942627256
13,14,3985.631173103426
13,15,7150.6981309662815
13,16,12796.858232896795
13,17,23047.62972971057
13,18,41652.66234688801
13,19,75302.35585180216
13,20,136180.36527434207
13,21,246665.04318411567
13,22,446389.2130994086
13,23,807089.3527970371
13,24,1455967.3878103544
13,25,2618320.820395475
13,26,4686406.298550805
13,27,8308525.056612406
13,28,14486773.025164183
13,29,24529989.273654055
13,30,39545312.39640967
13,31,58936624.43962036
13,32,78565469.68447553
13,33,92217684.86415693
13,34,98039147.88805903
13,35,99597226.7164308
14,0,59.011359557902004
14,1,49.44699489809876
14,2,60.63486906564816
14,3,70.07962350855027
14,4,56.01609756604498
14,5,74.30254091625184
14,6,83.71187186680535
14,7,107.88020769347776
14,8,149.75003382980412
14,9,220.6903914354456
14,10,346.7417014752712
14,11,573.2220313557576
14,12,969.3429060119485
14,13,1652.584554872832
14,14,2891.1032476115506
14,15,5144.940089427488
14,16,9214.633698378897
14,17,16583.959957353054
14,18,29803.19756926774
14,19,53814.24993955869
14,20,97303.47616876474
14,21,175881.93372113426
14,22,317479.2690426283
14,23,573307.5267211861
14,24,1035395.1542442389
14,25,1865488.808509318
14,26,3348061.2666575527
14,27,5970849.37731218
14,28,10521740.735776968
14,29,18154997.161925703
14,30,30202686.270685676
14,31,47297700.383571126
14,32,67516110.40667549
14,33,85296416.73332086
14,34,95463804.89073229
14,35,98973525.11010209
15,0,51.73611948798081
15,1,66.65533838793702
15,2,58.90077314128588
15,3,53.41634914252871
15,4,60.850006358361775
15,5,77.87114973460865
15,6,86.23766572586396
15,7,97.44567055752131
15,8,131.89892727875235
15,9,201.87266587773814
15,10,299.4237641495902
15,11,517.5131417747054
15,12,886.3790948880527
15,13,1530.826916248092
15,14,2727.1617379824343
15,15,4853.444447175393
15,16,8733.445460412935
15,17,15747.76704991522
15,18,28490.897107045315
15,19,51477.47656613147
15,20,93200.60647615272
15,21,168763.59420608415
15,22,305146.5615655352
15,23,551576.2296551588
15,24,996355.5875579295
15,25,1796100.643837279
15,26,3227167.438220541
15,27,5759790.029663651
15,28,10160983.081276545
15,29,17564965.293477193
15,30,29309223.316394463
15,31,46111524.125310704
15,32,66266979.45534118
15,33,84395884.38089982
15,34,95080657.93027736
15,35,98876241.91100334
16,0,48.41593588922521
16,1,55.593495579392744
16,2,62.12494287986748
16,3,57.4516542528685
16,4,59.08610583238567
16,5,64.32021254208385
16,6,76.23492841227053
16,7,100.61102404452873
16,8,124.9700885472912
16,9,179.23978315720217
16,10,294.9950801331529
16,11,496.14256229689965
16,12,852.9547065797516
16,13,1505.6553644255391
16,14,2709.552669393984
16,15,4859.5864769211075
16,16,8763.511205969588
16,17,15810.277819897705
16,18,28604.49792882954
16,19,51710.0618986407
16,20,93667.54376993614
16,21,169548.15866003835
16,22,306913.24249744124
16,23,554914.4926607624
16,24,1002218.0917489276
16,25,1806860.4262686886
16,26,3246651.1897135144
16,27,5794785.581762688
16,28,10222842.39505631
16,29,17666968.141755324
16,30,29465036.573663834
16,31,46326403.66335426
16,32,66497565.057794966
16,33,84566992.67829418
16,34,95149818.88141702
16,35,98895029.88379455
17,0,46.59546918384889
17,1,43.66242194543078
17,2,57.555596901917355
17,3,61.30805591209218
17,4,64.01185319637304
17,5,65.2839659165396
17,6,86.90468695778745
17,7,118.40846707583881
17,8,178.5485534751194
17,9,279.44129603472214
17,10,457.2080503352914
17,11,772.9772570306578
17,12,1352.3892371706575
17,13,2446.6218771220247
17,14,4358.065063276743
17,15,7827.958846491472
17,16,14111.15260747784
17,17,25502.802971860485
17,18,46140.65437003488
17,19,83303.65897488287
17,20,150611.1750130822
17,21,272579.93776703335
17,22,493012.30206829356
17,23,890938.7405844202
17,24,1606833.339279979
17,25,2889286.4611678505
17,26,5164912.896431683
17,27,9137666.99493029
17,28,15871742.797815237
17,29,26702244.37067928
17,30,42575351.31775723
17,31,62404063.44612874
17,32,81442297.8394574
17,33,93703781.46949683
17,34,98489876.76043619
17,35,99695203.7041235
18,0,52.07459108910893
18,1,58.17633261727681
18,2,46.33185824218607
18,3,61.526942221441494
18,4,60.61809312207559
18,5,78.78702138819875
18,6,84.53436471482902
18,7,113.55971952675932
18,8,157.35256793963865
18,9,255.45756619012377
18,10,396.31768836162155
18,11,670.1153054260435
18,12,1161.1855466604607
18,13,2056.9299524087614
18,14,3674.145517710447
18,15,6533.80682874187
18,16,11701.764331698387
18,17,21160.953724515803
18,18,38144.415046093935
18,19,68789.47854176469
18,20,124331.41942620078
18,21,224904.17225113814
18,22,406487.89299516537
18,23,734492.0938981728
18,24,1325204.6028290763
18,25,2385277.195656295
18,26,4272268.147667549
18,27,7586537.632692156
18,28,13271165.108634487
18,29,22608788.412599277
18,30,36796708.998415194
18,31,55654729.8194054
18,32,75671953.2751701
18,33,90598570.0483892
18,34,97505161.63291433
18,35,99478050.69490378
19,0,50.4659515263074
19,1,60.649706893516836
19,2,53.86537329391097
19,3,53.22015696171164
19,4,58.43349589371652
19,5,64.42037796132257
19,6,73.9279044681886
19,7,87.86462810656403
19,8,108.99910009366965
19,9,148.26631149849996
19,10,226.59663376453088
19,11,367.757718002475
19,12,587.041860454248
19,13,1014.1776681177348
19,14,1769.3060134191344
19,15,3175.5742364210428
19,16,5696.786031431412
19,17,10297.431760944928
19,18,18543.41783294022
19,19,33537.76087569751
19,20,60453.01073463669
19,21,109298.48894888908
19,22,197621.07780721586
19,23,357391.49958600424
19,24,645944.5429622653
19,25,1166540.2332599687
19,26,2101245.338149913
19,27,3768404.504066329
19,28,6709050.899144731
19,29,11782899.998786908
19,30,20213464.21018353
19,31,33293414.17712939
19,32,51305312.61052319
19,33,71562844.3541566
19,34,88068972.3245916
19,35,96589838.48225778
20,0,53.78234794163402
20,1,52.232832368471996
20,2,53.36167436030209
20,3,59.41693189406987
20,4,52.50020371064666
20,5,63.12751266155211
20,6,68.99257089824478
20,7,85.37662591730495
20,8,123.81504416040664
20,9,181.68144969596793
20,10,275.8652387818978
20,11,472.5937574147501
20,12,820.5593637721025
20,13,1441.925064303013
20,14,2592.450113418827
20,15,4634.775043718771
20,16,8297.43436213172
20,17,15012.219360417315
20,18,27157.97361791373
20,19,49112.65425795705
20,20,88785.87912811093
20,21,160542.63823149743
20,22,290260.01556803205
20,23,524776.5418047517
20,24,947984.0763267095
20,25,1709381.0697129369
20,26,3072756.6948528867
20,27,5488532.390860665
20,28,9695821.994564055
20,29,16795855.90558124
20,30,28131780.833609685
20,31,44529560.25119942
20,32,64564537.64024578
20,33,83114074.13353014
20,34,94495638.9246757
20,35,98713964.44454925
21,0,49.17242048225565
21,1,59.7058922781939
21,2,54.2372557794678
21,3,59.962541255916726
21,4,59.298198854401754
21,5,66.72610355054475
21,6,75.70288584745866
21,7,108.60754079958866
21,8,147.21374189059432
21,9,219.3767289759962
21,10,367.73022238556933
21,11,605.3033087185875
21,12,1052.2329415581733
21,13,1816.654322807734
21,14,3199.1485777663333
21,15,5685.561388263178
21,16,10239.572193494962
21,17,18439.2800289305
21,18,33302.761276358244
21,19,60080.31476379545
21,20,108635.75357012803
21,21,196448.7864673066
21,22,355295.9334957279
21,23,642071.3123630136
21,24,1158720.5079222526
21,25,2087391.9951610116
21,26,3744552.3565624626
21,27,6667187.769250232
21,28,11712490.799298847
21,29,20097710.209009405
21,30,33117117.093648255
21,31,51082041.84924814
21,32,71351020.38855271
21,33,87929337.96815787
21,34,96535657.33997647
21,35,99245717.07975692
22,0,57.52027955028238
22,1,50.07513986524639
22,2,42.24448236969435
22,3,56.147844986903415
22,4,66.35535525133368
22,5,78.12648913109673
22,6,92.55980465121999
22,7,127.9019996920471
22,8,211.36570725823003
22,9,317.1234791959548
22,10,547.6023171768047
22,11,957.5790747669747
22,12,1682.0499901704254
22,13,2989.266850503475
22,14,5412.649500675702
22,15,9797.584083303414
22,16,17697.066932988975
22,17,31947.44375387467
22,18,57822.961531874775
22,19,104495.43228353599
22,20,189472.293902048
22,21,342584.48426875507
22,22,619202.2566787348
22,23,1118188.423554022
22,24,2014781.579928672
22,25,3614981.127299677
22,26,6440817.853076029
22,27,11329930.115669696
22,28,19478845.19420867
22,29,32200428.46743682
22,30,49908322.449210756
22,31,70183643.16458382
22,32,87155939.4574494
22,33,96237988.3053474
22,34,99171901.25647181
22,35,99837106.44792166
23,0,58.8328454474762
23,1,51.51388712907104
23,2,52.04181289894841
23,3,57.27586483139379
23,4,53.008301375263486
23,5,58.01737614226072
23,6,63.90317626632074
23,7,68.50511193489959
23,8,83.23725981948817
23,9,95.25090224089756
23,10,123.28347057429414
23,11,172.96653545779273
23,12,254.26223787726673
23,13,428.96125372247076
23,14,705.6685947851815
23,15,1220.2536669392935
23,16,2152.280937511511
23,17,3839.6809188506636
23,18,6921.0225593498035
23,19,12496.13660363079
23,20,22489.099280464132
23,21,40522.00061371232
23,22,73244.31239014686
23,23,132505.7276847512
23,24,239528.41035685956
23,25,433258.5560656542
23,26,782876.7466821608
23,27,1412211.0035256508
23,28,2541468.708330428
23,29,4550448.26841611
23,30,8073985.182285607
23,31,14093507.946132066
23,32,23911090.308204144
23,33,38668133.90728328
23,34,57897309.303871624
23,35,77664278.11685589
24,0,68.01489053888054
24,1,50.97931800411484
24,2,59.09671358283443
24,3,58.13982437097891
24,4,66.11846327987615
24,5,58.43349685385713
24,6,79.0073276731469
24,7,106.56029465282094
24,8,162.86541097182453
24,9,240.32191975859178
24,10,391.0534580268479
24,11,652.9699644485424
24,12,1165.4739143549969
24,13,2050.6738203268246
24,14,3700.958065828286
24,15,6696.507917834871
24,16,12076.97111401301
24,17,21759.356344213564
24,18,39405.514996415375
24,19,71313.18540757768
24,20,129199.41828777475
24,21,233658.85255961755
24,22,422761.58296098467
24,23,764423.1607459083
24,24,1379859.4090050473
24,25,2484191.70893556
24,26,4448979.328066758
24,27,7896735.933202228
24,28,13793961.754759802
24,29,23439568.851993114
24,30,37995651.45069715
24,31,57105833.55688984
24,32,76970188.28237297
24,33,91343883.9154202
24,34,97754631.44455911
24,35,99535969.50157814
25,0,53.744868189069685
25,1,48.636373949524476
25,2,45.262488305064906
25,3,73.86268847066324
25,4,74.71815221795167
25,5,83.01324132174528
25,6,111.48385787537633
25,7,153.6502164601826
25,8,211.0067409261128
25,9,351.2567552663842
25,10,588.6346509451154
25,11,1025.5339905486687
25,12,1808.49095380411
25,13,3197.348592938715
25,14,5778.672181241283
25,15,10366.012768413637
25,16,18687.01001542118
25,17,33714.57496315171
25,18,60979.82519497075
25,19,110240.49801632858
25,20,199230.74722800613
25,21,359841.1868594337
25,22,650325.0124689267
25,23,1173931.2222291767
25,24,2113888.3218306475
25,25,3791205.8316482836
25,26,6748535.357508658
25,27,11850773.97344661
25,28,20318324.6207497
25,29,33448245.995919943
25,30,51502337.03747622
25,31,71760248.83417745
25,32,88200755.93045953
25,33,96643859.2875892
25,34,99273511.47254473
25,35,99857649.90535977
26,0,52.76411909168657
26,1,50.009393803862224
26,2,58.24363300903204
26,3,56.37625367278431
26,4,56.04704731004023
26,5,85.22636872330807
26,6,99.0023217631378
26,7,140.45772685231748
26,8,196.27035198270755
26,9,316.4834035421315
26,10,526.3427834159123
26,11,879.9874333810304
26,12,1539.5436385052217
26,13,2669.4664738556453
26,14,4736.8317267123475
26,15,8461.2469611882
26,16,15182.948387561237
26,17,27257.73678802221
26,18,49009.229070084744
26,19,88441.32199183658
26,20,159927.31605831167
26,21,288886.7934684856
26,22,521610.85942976037
26,23,941836.3917324918
26,24,1697181.6973183611
26,25,3048570.6125746006
26,26,5443842.44417489
26,27,9615774.14703744
26,28,16662100.257811515
26,29,27917047.252776053
26,30,44234734.77394959
26,31,64237551.77701689
26,32,82866685.86091915
26,33,94382616.55072385
26,34,98681247.61447175
26,35,99735897.63090867
27,0,51.88271150340051
27,1,46.02271301631933
27,2,61.05278091912262
27,3,60.35071442402237
27,4,69.29469675283181
27,5,70.20595827060177
27,6,101.68487258710083
27,7,152.12450698487277
27,8,224.0373148264747
27,9,365.38301678163197
27,10,609.41405288842
27,11,1060.8939819769407
27,12,1867.472303270138
27,13,3304.654500716568
27,14,5901.863005474164
27,15,10650.335724466207
27,16,19174.17382570602
27,17,34546.56383270309
27,18,62351.95103291081
27,19,112792.86518194988
27,20,204010.9637560746
27,21,368869.14200127445
27,22,667014.9604986076
27,23,1203855.4335492437
27,24,2168321.1024858933
27,25,3888338.9963467666
27,26,6918828.172390392
27,27,12141678.656217534
27,28,20793961.352240406
27,29,34152479.96398938
27,30,52391716.79604724
27,31,72620912.19352359
27,32,88743259.52887611
27,33,96842754.55837512
27,34,99323722.495167
27,35,99868712.11638084
28,0,50.044154230472586
28,1,51.06931884132373
28,2,47.935144835092345
28,3,60.671861459061326
28,4,62.09576286521761
28,5,69.9656930556315
28,6,78.78878714174746
28,7,87.33538159789987
28,8,142.9766395600353
28,9,201.77550449742537
28,10,328.6914802600313
28,11,527.9604187626568
28,12,912.5627205145878
28,13,1601.5859474543795
28,14,2837.713514765153
28,15,5050.388247130101
28,16,9057.571626927715
28,17,16374.399624686981
28,18,29602.374181896794
28,19,53329.63090215982
28,20,96270.90462355816
28,21,174116.81028773703
28,22,314918.7131759924
28,23,569144.4452598533
28,24,1027535.5604136193
28,25,1851428.1133785779
28,26,3324894.9081253377
28,27,5931954.454639739
28,28,10456444.60312
28,29,18048197.373422734
28,30,30040645.684332605
28,31,47084874.6833116
28,32,67293899.56581554
28,33,85138685.58852728
28,34,95404199.30451007
28,35,98961321.28128287
29,0,46.964790492145255
29,1,43.613089088071284
29,2,54.33595076071749
29,3,56.713077941086205
29,4,68.32744212928839
29,5,63.71392895202659
29,6,72.94272790726853
29,7,89.69656305549884
29,8,119.82864547227955
29,9,188.81306324156057
29,10,282.9869874318232
29,11,461.1979937443831
29,12,798.9056373290122
29,13,1409.4638898181067
29,14,2473.824742199957
29,15,4455.2723561680095
29,16,8025.040772998416
29,17,14480.402176266172
29,18,26171.632043429807
29,19,47284.55450763062
29,20,85472.1828518983
29,21,154634.72215030706
29,22,279740.7717516764
29,23,505277.98701986036
29,24,912840.5031913442
29,25,1646046.3780631986
29,26,2959205.9149358277
29,27,5287365.294672205
29,28,9348968.35295843
29,29,16223604.09715912
29,30,27245242.243774384
29,31,43318377.45163421
29,32,63235517.392978474
29,33,82095550.11647093
29,34,94017262.47113447
29,35,98579436.91411912
30,0,47.15178010551588
30,1,57.001844952418764
30,2,48.290713722866954
30,3,57.13326798043339
30,4,65.60400807026728
30,5,75.9458282448131
30,6,101.15559632076793
30,7,115.19900340941143
30,8,164.3653102121405
30,9,276.48864925514124
30,10,461.5407527370518
30,11,786.6797356402334
30,12,1364.0556869964792
30,13,2445.5810900960473
30,14,4386.532956751796
30,15,7911.493197913436
30,16,14294.065142222993
30,17,25890.270208322538
30,18,46803.01560165483
30,19,84664.02408928542
30,20,153160.9775167845
30,21,277203.69309210445
30,22,501491.63782201783
30,23,905798.9648402119
30,24,1633744.4194479103
30,25,2936310.3551844605
30,26,5247088.953994919
30,27,9279124.075564882
30,28,16106504.478054686
30,29,27065914.882427264
30,30,43076651.71067182
30,31,62966299.448323935
30,32,81886330.2257077
30,33,93915592.34485237
30,34,98550377.76081567
30,35,99709346.63589089
31,0,49.041991911928484
31,1,54.89049546665942
31,2,59.21750143901449
31,3,57.766908012440204
31,4,62.41920257771305
31,5,67.74056810968268
31,6,85.68837502509892
31,7,110.8826014134218
31,8,150.0504144188092
31,9,238.78519931644874
31,10,388.1657585131875
31,11,665.5880974912807
31,12,1163.4353868947578
31,13,2071.003959485879
31,14,3675.487249156077
31,15,6597.671484805456
31,16,11875.821119373892
31,17,21496.185414320273
31,18,38818.897363727745
31,19,70263.9396213766
31,20,127019.34307235725
31,21,229793.85382296707
31,22,415604.18370609026
31,23,750821.3625243034
31,24,1354898.885990646
31,25,2438072.920335758
31,26,4365781.059142337
31,27,7751477.8910306385
31,28,13549260.924240332
31,29,23049444.39948812
31,30,37430666.68555336
31,31,56427545.1050194
31,32,76370842.33234751
31,33,91007930.19541973
31,34,97647189.6959269
31,35,99512756.18819349
32,0,52.064689518502966
32,1,48.70544903538201
32,2,54.9484734881609
32,3,55.56825344182285
32,4,61.451551699570146
32,5,80.50143503590351
32,6,92.04069832208798
32,7,135.52154733748654
32,8,197.60695535119135
32,9,318.05617215234474
32,10,513.7442252095822
32,11,897.1347426175319
32,12,1570.5892232363688
32,13,2813.134688577692
32,14,5047.096074620359
32,15,9080.015933964232
32,16,16350.842066603595
32,17,29623.910649412806
32,18,53611.85913909976
32,19,96999.20838940352
32,20,175560.3370972894
32,21,317853.2128355483
32,22,574772.5348527592
32,23,1038263.329838183
32,24,1871887.9667739137
32,25,3361191.2117270753
32,26,5994055.021275376
32,27,10562564.326963266
32,28,18224049.894438945
32,29,30313600.39030088
32,30,47444814.82762208
32,31,67667876.67986071
32,32,85412802.69239233
32,33,95517986.9651745
32,34,98989107.00543654
32,35,99799915.20276923
33,0,55.32406120387668
33,1,54.08200850475227
33,2,47.514986682743675
33,3,62.721321993549694
33,4,79.91496834597639
33,5,86.42153066199049
33,6,97.72000766584169
33,7,134.10691816567635
33,8,207.87232506392576
33,9,320.84609809545157
33,10,521.4843965334136
33,11,887.849831496697
33,12,1542.8505588483567
33,13,2735.6140099846516
33,14,4897.016978344593
33,15,8728.268424178004
33,16,15704.934913518593
33,17,28372.29739984644
33,18,51205.257206633934
33,19,92527.75415009186
33,20,167192.342407008
33,21,302360.431617879
33,22,546605.3899741046
33,23,987234.8825482631
33,24,1779900.5476127956
33,25,3196810.114569823
33,26,5705301.258302304
33,27,10065994.96197036
33,28,17407323.02513353
33,29,29062485.7036933
33,30,45781245.47724642
33,31,65913540.72310402
33,32,84133386.37227184
33,33,94958967.1325272
33,34,98843380.59420964
33,35,99770319.13970006
34,0,52.197776744812316
34,1,63.362816048263326
34,2,57.633748393532464
34,3,47.112961541321326
34,4,67.27774983641407
34,5,68.93341412811785
34,6,92.20786651355661
34,7,121.90235391902596
34,8,164.94480062353645
34,9,286.42880186432586
34,10,457.1690466950958
34,11,799.2281909098253
34,12,1396.8392150925065
34,13,2522.601076031908
34,14,4501.462983408719
34,15,8128.829409510938
34,16,14661.777549745178
34,17,26511.2817808019
34,18,47966.6462059577
34,19,86761.260506836
34,20,157051.16232443467
34,21,284166.50422628695
34,22,513951.9593726938
34,23,928736.6634132009
34,24,1675379.0612317028
34,25,3010459.310826253
34,26,5378387.618576947
34,27,9506028.69419479
34,28,16483281.348860178
34,29,27649469.526874196
34,30,43874548.59699056
34,31,63845676.046748824
34,32,82567408.30076547
34,33,94244127.26217285
34,34,98643376.19384658
34,35,99729401.00333406
35,0,60.155090519548864
35,1,47.63772500471579
35,2,44.873292981247
35,3,61.58252084061368
35,4,75.32225835420903
35,5,80.93006701052133
35,6,97.39888013226798
35,7,135.39160612183588
35,8,181.65222389021517
35,9,277.67818014718085
35,10,456.8697674372463
35,11,758.5161990868328
35,12,1324.3549488150481
35,13,2362.6181540279317
35,14,4234.16099705749
35,15,7543.059964758765
35,16,13572.095520632662
35,17,24433.863528137816
35,18,44074.5352508786
35,19,79552.85789634142
35,20,143599.75254458553
35,21,259757.9269953877
35,22,469409.5886341815
35,23,847638.3109277814
35,24,1528559.2703233205
35,25,2747896.1593345697
35,26,4915026.225776449
35,27,8704070.385013692
35,28,15148472.917690685
35,29,25571820.45423088
35,30,41006690.0061104
35,31,60624813.690645814
35,32,79984697.23967856
35,33,92967690.10583898
35,34,98265741.28894307
35,35,99648213.10018261
36,0,60.89098760486361
36,1,47.735317056545114
36,2,56.24790961076211
36,3,59.05841201871309
36,4,73.42395694160673
36,5,77.08978398216678
36,6,77.50986029336072
36,7,118.41446258066696
36,8,164.80098844186347
36,9,239.5265213416571
36,10,394.9382642890137
36,11,645.1312440182996
36,12,1107.3085174598923
36,13,1942.6083613317755
36,14,3472.837946686688
36,15,6171.07269505939
36,16,11103.567185525226
36,17,19956.96787003679
36,18,35951.98415823594
36,19,64815.75067863835
36,20,116989.70707192125
36,21,211659.6507958665
36,22,382696.8405284695
36,23,691510.9087068724
36,24,1248132.525755276
36,25,2246527.342034074
36,26,4026578.3728828826
36,27,7158578.02836876
36,28,12547636.423219362
36,29,21447032.297218237
36,30,35109769.02794482
36,31,53581632.65926425
36,32,73745913.04704897
36,33,89447208.18938279
36,34,97099741.15498793
36,35,99381861.08093074
37,0,51.68579438213382
37,1,51.05986309398671
37,2,60.14366311641099
37,3,66.11149162024313
37,4,62.80130174616596
37,5,74.53384513786794
37,6,100.39426277119637
37,7,123.6922082176521
37,8,186.1073450306073
37,9,298.02106211150675
37,10,499.2658919635781
37,11,860.7213594500782
37,12,1489.7599343369693
37,13,2664.715231063087
37,14,4765.623488913907
37,15,8561.519060820516
37,16,15431.101081399005
37,17,27839.600266612684
37,18,50169.18943402178
37,19,90802.44009090717
37,20,164230.6038092839
37,21,296915.00589240366
37,22,536719.9375072789
37,23,969412.0933071648
37,24,1747563.9573417248
37,25,3139667.606048083
37,26,5605546.5740657495
37,27,9893631.597626008
37,28,17123835.216060646
37,29,28634665.53858176
37,30,45204750.66427538
37,31,65298497.29196733
37,32,83677283.30819486
37,33,94755850.08540396
37,34,98787435.20608771
37,35,99759152.23470353
38,0,52.741255687003914
38,1,52.26702913318221
38,2,61.265546460157246
38,3,64.12842355971434
38,4,63.37681569838221
38,5,77.4000768714915
38,6,85.14684768062841
38,7,127.6109704547241
38,8,203.076144949394
38,9,326.0958806426959
38,10,528.4388905132566
38,11,907.6325248297417
38,12,1579.3764903050171
38,13,2809.0174042910417
38,14,4988.464186550557
38,15,8994.447480028164
38,16,16217.855419836042
38,17,29306.333192425955
38,18,53033.16227177187
38,19,96011.45728128073
38,20,173953.8695424111
38,21,314815.4518099602
38,22,569200.1517285716
38,23,1027896.4240238562
38,24,1852749.3491660778
38,25,3327449.8280971614
38,26,5935390.625677344
38,27,10460461.593858263
38,28,18057674.677023433
38,29,30056161.29481244
38,30,47102269.723830976
38,31,67312089.80875051
38,32,85162864.70399003
38,33,95415557.45754161
38,34,98960894.73846754
38,35,99794646.65483296
39,0,57.754173088134756
39,1,51.78676978054931
39,2,53.41354612610852
39,3,55.61577546022986
39,4,62.31110199160801
39,5,77.28187377072344
39,6,94.17157279887013
39,7,142.84067451616693
39,8,212.80896171277556
39,9,348.54999334162295
39,10,604.4837974641073
39,11,1003.370768371783
39,12,1753.1103163279236
39,13,3101.497004027631
39,14,5581.438014269861
39,15,10019.541425419335
39,16,18087.44340796938
39,17,32599.71723580523
39,18,59067.585181153154
39,19,106748.91979349407
39,20,193005.79807320386
39,21,349036.39507301897
39,22,630538.2985914925
39,23,1138608.5524661145
39,24,2050745.6692657748
39,25,3680137.0147695555
39,26,6553278.394561575
39,27,11519239.099221777
39,28,19784029.33672384
39,29,32651276.38830266
39,30,50481241.147899
39,31,70749342.91766019
39,32,87536516.25248858
39,33,96384326.04975984
39,34,99209000.118103
39,35,99845423.63762371
40,0,52.7204713438907
40,1,44.575203598170745
40,2,58.59984304258985
40,3,57.55161629570584
40,4,65.76260960697124
40,5,69.35838960077693
40,6,74.06538358256167
40,7,105.84757414863978
40,8,133.71280811940582
40,9,211.896347329611
40,10,321.14830895606167
40,11,500.76748774647825
40,12,855.7471359491351
40,13,1500.8471026645545
40,14,2643.6046184733427
40,15,4660.424505925303
40,16,8305.900178860222
40,17,14931.867239137717
40,18,27009.491398225702
40,19,48573.29123382213
40,20,87732.15163050797
40,21,158428.99738220664
40,22,286305.9389269465
40,23,517225.94836661726
40,24,933980.5664468866
40,25,1683266.607179633
40,26,3024187.065763462
40,27,5401829.250173927
40,28,9545325.99594595
40,29,16546097.89397524
40,30,27742042.513767127
40,31,43992113.57293818
40,32,63970416.39171655
40,33,82664670.23312834
40,34,94282314.74262883
40,35,98652155.13026412
41,0,50.35173254047309
41,1,64.35073294478474
41,2,59.73489468731326
41,3,60.721875566575775
41,4,71.84735176520843
41,5,83.954144948499
41,6,100.01845283394096
41,7,115.9553439020153
41,8,177.32725083155873
41,9,271.2988153814428
41,10,474.6262917108812
41,11,807.0105557327042
41,12,1412.8231151861526
41,13,2488.679568483595
41,14,4425.748224479575
41,15,7925.145577122836
41,16,14248.16968879427
41,17,25689.44390129034
41,18,46450.16580666458
41,19,83957.09535443215
41,20,151575.3601117259
41,21,274188.314981072
41,22,495500.64755087846
41,23,894831.3797446107
41,24,1613853.6313196796
41,25,2901374.6610721587
41,26,5185511.776196118
41,27,9174048.622857789
41,28,15929685.769715602
41,29,26792542.5239902
41,30,42697174.78909192
41,31,62539767.923942715
41,32,81537961.1714257
41,33,93747417.32801713
41,34,98502898.28022897
41,35,99700061.9804739
42,0,47.29432778546185
42,1,49.64782530943256
42,2,51.61890726174902
42,3,61.94711388124012
42,4,65.789830046021
42,5,66.93115139385036
42,6,106.70812495891175
42,7,143.94961364692557
42,8,207.0101968997154
42,9,335.69891628714305
42,10,549.9890541630796
42,11,965.0276743697042
42,12,1696.615677439676
42,13,3014.8680479286313
42,14,5404.693408436735
42,15,9691.031354294752
42,16,17539.114856479257
42,17,31639.65934475758
42,18,57242.4625239284
42,19,103655.08108026446
42,20,187458.6994781982
42,21,339027.13306423463
42,22,612338.314947001
42,23,1105465.8273326962
42,24,1990788.4368585655
42,25,3572691.6250303723
42,26,6366952.215501602
42,27,11202977.316911906
42,28,19268747.001061708
42,29,31886707.299712222
42,30,49499389.15033802
42,31,69774943.99064758
42,32,86874540.12964326
42,33,96119781.68367535
42,34,99143172.03777789
42,35,99832305.73036404
43,0,55.02670953449845
43,1,53.37149108044462
43,2,58.220343626868015
43,3,55.48282330843603
43,4,72.15292435564251
43,5,77.27130519458821
43,6,111.57295701598758
43,7,157.13529766659104
43,8,242.96328592679532
43,9,393.444123562346
43,10,687.0298440544907
43,11,1226.9744758684149
43,12,2192.5916928910906
43,13,3957.0147047933096
43,14,7176.99671122359
43,15,12904.88016092196
43,16,23351.634971712978
43,17,42344.26151646365
43,18,76697.6436208064
43,19,138763.08530180348
43,20,251286.37998763088
43,21,454384.0574997443
43,22,821226.1109931457
43,23,1481748.9367007953
43,24,2665258.594190276
43,25,4770202.577814868
43,26,8454669.49434039
43,27,14731236.971263602
43,28,24921252.452583034
43,29,40095411.86901094
43,30,59576805.25881936
43,31,79111369.73174277
43,32,92513587.12388171
43,33,98129057.08130135
43,34,99619212.41711418
43,35,99927696.43283871
44,0,49.123293687978006
44,1,47.75486369760882
44,2,50.94737971417422
44,3,57.92712750112544
44,4,61.978891503701774
44,5,58.64470275373225
44,6,68.11451565716212
44,7,92.5672508821806
44,8,118.44403776283968
44,9,174.30118582971917
44,10,254.89192535157082
44,11,431.4948683914898
44,12,746.194167260574
44,13,1267.698234404504
44,14,2262.008502121282
44,15,3971.6232232006387
44,16,7156.142676086252
44,17,12901.374484235068
44,18,23271.561666223573
44,19,42105.86055812258
44,20,76164.5549846803
44,21,137841.19605518933
44,22,249250.50751465428
44,23,450363.16741217865
44,24,813513.7477318965
44,25,1467626.486838934
44,26,2639919.5011200593
44,27,4725563.041638126
44,28,8377360.849049098
44,29,14601187.621249791
44,30,24716839.140552018
44,31,39809056.274363436
44,32,59245353.02091818
44,33,78825447.94895682
44,34,92366554.1426255
44,35,98084458.11672491
45,0,59.848467666660696
45,1,55.05777406520202
45,2,59.4456752654042
45,3,55.521099090651134
45,4,64.90176237083097
45,5,68.41888213282462
45,6,87.77356855800213
45,7,130.05778232525947
45,8,183.55458015035748
45,9,295.6937851968019
45,10,484.36086104144573
45,11,827.300847745733
45,12,1410.8102815713125
45,13,2493.4706212207298
45,14,4416.6350967200315
45,15,7877.67212832249
45,16,14110.373465390465
45,17,25479.50890600285
45,18,45925.593759769414
45,19,82884.62004378227
45,20,149783.06289378667
45,21,270427.53323972225
45,22,488705.4172937874
45,23,882301.1485299877
45,24,1591162.169182034
45,25,2860143.385045629
45,26,5111517.945730362
45,27,9042181.265179103
45,28,15712179.02418609
45,29,26448747.3969894
45,30,42223372.55696074
45,31,62004493.944594
45,32,81113831.78441627
45,33,93536546.39988491
45,34,98439196.98967652
45,35,99687120.70682667
46,0,46.71038933830541
46,1,60.28796390340899
46,2,55.93904474107579
46,3,54.0747726807666
46,4,66.64245504390871
46,5,63.76196864529398
46,6,78.28672246629861
46,7,100.04275217030917
46,8,129.89688797190996
46,9,205.1960749381946
46,10,314.0138353930254
46,11,532.3944088259752
46,12,926.38612711708
46,13,1612.4431880516859
46,14,2838.6582947047027
46,15,5121.026411407823
46,16,9280.303841014307
46,17,16812.298854251694
46,18,30376.14635125447
46,19,54988.02415290209
46,20,99595.47794680491
46,21,180188.14877718888
46,22,326179.01735563524
46,23,589748.5173617983
46,24,1065285.8179034474
46,25,1920260.3053319908
46,26,3447529.1213167235
46,27,6147043.8799920585
46,28,10825902.246231172
46,29,18656739.467549417
46,30,30962674.425427906
46,31,48301268.67985556
46,32,68548734.95477214
46,33,86044038.13807984
46,34,95781539.4778048
46,35,99057036.25055693
47,0,49.79112149747643
47,1,54.55343753913331
47,2,56.589341740311745
47,3,61.562034028681694
47,4,69.86290040726703
47,5,88.14196954153309
47,6,95.53462467772444
47,7,130.05136007673372
47,8,176.62496099226422
47,9,261.6000520472462
47,10,427.73919792563817
47,11,699.6651841121798
47,12,1204.0738504261249
47,13,2081.4506239884017
47,14,3675.7398607169507
47,15,6583.426018302553
47,16,11790.050017765674
47,17,21153.430674156873
47,18,38091.42521580271
47,19,68714.51878046115
47,20,123963.41643296923
47,21,223904.14277803487
47,22,404431.8974498925
47,23,729875.0217147021
47,24,1316397.1368263867
47,25,2369471.9199971547
47,26,4242884.835100968
47,27,7534417.161821606
47,28,13183013.499424562
47,29,22461704.00492555
47,30,36582729.28844085
47,31,55398052.552801415
47,32,75429745.4608522
47,33,90457560.5450227
47,34,97458579.18553486
47,35,99467979.53237261
48,0,57.600427969137876
48,1,56.79888294855556
48,2,55.466179879167655
48,3,57.61405077432312
48,4,68.42979718902629
48,5,68.39919744610721
48,6,96.67208426930137
48,7,122.83058269051341
48,8,185.70408724879917
48,9,287.0643840547833
48,10,481.60829316746884
48,11,816.9310631979906
48,12,1431.9909741411238
48,13,2532.3483492342293
48,14,4508.505054512071
48,15,8109.214582878286
48,16,14611.71940265185
48,17,26405.927987950203
48,18,47682.15842884457
48,19,86266.72469338804
48,20,155977.11238408685
48,21,281942.36349724815
48,22,509677.328294767
48,23,920829.3052999658
48,24,1661241.1376918699
48,25,2986401.445015538
48,26,5337375.621448651
48,27,9434916.41240448
48,28,16363756.40922187
48,29,27462847.715852007
48,30,43620950.084467836
48,31,63567766.72913644
48,32,82349725.38406709
48,33,94135032.57135317
48,34,98607373.52600403
48,35,99721419.92952366
49,0,50.42807238508741
49,1,57.84070947063552
49,2,59.51500475221522
49,3,55.61982175754149
49,4,60.74414401979243
49,5,72.78434558259582
49,6,90.37446284065341
49,7,116.3743533514185
49,8,160.539612581274
49,9,258.2746253398843
49,10,422.54243721144775
49,11,688.680190972439
49,12,1203.2035677902184
49,13,2093.6624636588554
49,14,3728.6656484672612
49,15,6642.745348147068
49,16,11966.807546040962
49,17,21570.972084247027
49,18,38954.32429671744
49,19,70415.09368905186
49,20,127247.77677413066
49,21,230165.02471640526
49,22,416573.0703924019
49,23,753112.7042167736
49,24,1358673.8137584224
49,25,2444872.0643597073
49,26,4378766.599390019
49,27,7773725.689226461
49,28,13588152.527842045
49,29,23110401.04814855
49,30,37523226.39108785
49,31,56533841.35253455
49,32,76459242.88029633
49,33,91058557.14430936
49,34,97666337.96538386
49,35,99516222.79761755
